{"cameraMode":{"drawMode":0,"name":"Shaded","section":"Shading Mode"},"sceneLighting":true,"audioPlay":false,"sceneViewState":{"showFog":false,"showMaterialUpdate":false,"showSkybox":false,"showFlares":false,"showImageEffects":false,"showParticleSystems":false},"in2DMode":false,"pivot":{"x":0.019801855087280275,"y":1.9635114669799805,"z":0.019189834594726564},"rotation":{"x":0.38171008229255679,"y":-0.08273188769817352,"z":0.03432595357298851,"w":0.9199415445327759},"size":10.0,"orthographic":false}